Date,Close
2017-02-01,2279.55004883
2017-02-02,2280.85009766
2017-02-03,2297.41992188
2017-02-06,2292.56005859
2017-02-07,2293.08007812
2017-02-08,2294.66992188
2017-02-09,2307.87011719
2017-02-10,2316.10009766
2017-02-13,2328.25000000
2017-02-14,2337.58007812
2017-02-15,2349.25000000
2017-02-16,2347.21997070
2017-02-17,2351.15991211
2017-02-21,2365.37988281
2017-02-22,2362.82006836
2017-02-23,2363.81005859
2017-02-24,2367.34008789
2017-02-27,2369.75000000
2017-02-28,2363.63989258
2017-03-01,2395.95996094
2017-03-02,2381.91992188
2017-03-03,2383.12011719
2017-03-06,2375.31005859
2017-03-07,2368.38989258
2017-03-08,2362.97998047
2017-03-09,2364.87011719
2017-03-10,2372.60009766
2017-03-13,2373.46997070
2017-03-14,2365.44995117
2017-03-15,2385.26000977
2017-03-16,2381.37988281
2017-03-17,2378.25000000
2017-03-20,2373.46997070
2017-03-21,2344.02001953
2017-03-22,2348.44995117
2017-03-23,2345.95996094
2017-03-24,2343.97998047
2017-03-27,2341.59008789
2017-03-28,2358.57006836
2017-03-29,2361.12988281
2017-03-30,2368.06005859
2017-03-31,2362.71997070
2017-04-03,2358.84008789
2017-04-04,2360.15991211
2017-04-05,2352.94995117
2017-04-06,2357.48999023
2017-04-07,2355.54003906
2017-04-10,2357.15991211
2017-04-11,2353.78002930
2017-04-12,2344.92993164
2017-04-13,2328.94995117
2017-04-17,2349.01000977
2017-04-18,2342.18994141
2017-04-19,2338.16992188
2017-04-20,2355.84008789
2017-04-21,2348.68994141
2017-04-24,2374.14990234
2017-04-25,2388.61010742
2017-04-26,2387.44995117
2017-04-27,2388.77001953
2017-04-28,2384.19995117
2017-05-01,2388.33007812
2017-05-02,2391.16992188
2017-05-03,2388.12988281
2017-05-04,2389.52001953
2017-05-05,2399.29003906
2017-05-08,2399.37988281
2017-05-09,2396.91992188
2017-05-10,2399.62988281
2017-05-11,2394.43994141
2017-05-12,2390.89990234
2017-05-15,2402.32006836
2017-05-16,2400.66992188
2017-05-17,2357.03002930
2017-05-18,2365.71997070
2017-05-19,2381.72998047
2017-05-22,2394.02001953
2017-05-23,2398.41992188
2017-05-24,2404.38989258
2017-05-25,2415.07006836
2017-05-26,2415.82006836
2017-05-30,2412.90991211
2017-05-31,2411.80004883
2017-06-01,2430.06005859
2017-06-02,2439.07006836
2017-06-05,2436.10009766
2017-06-06,2429.33007812
2017-06-07,2433.13989258
2017-06-08,2433.79003906
2017-06-09,2431.77001953
2017-06-12,2429.38989258
2017-06-13,2440.35009766
2017-06-14,2437.91992188
2017-06-15,2432.45996094
2017-06-16,2433.14990234
2017-06-19,2453.45996094
2017-06-20,2437.03002930
2017-06-21,2435.61010742
2017-06-22,2434.50000000
2017-06-23,2438.30004883
2017-06-26,2439.07006836
2017-06-27,2419.37988281
2017-06-28,2440.68994141
2017-06-29,2419.69995117
2017-06-30,2423.40991211
2017-07-03,2429.01000977
2017-07-05,2432.54003906
2017-07-06,2409.75000000
2017-07-07,2425.17993164
2017-07-10,2427.42993164
2017-07-11,2425.53002930
2017-07-12,2443.25000000
2017-07-13,2447.83007812
2017-07-14,2459.27001953
2017-07-17,2459.13989258
2017-07-18,2460.61010742
2017-07-19,2473.83007812
2017-07-20,2473.44995117
2017-07-21,2472.54003906
2017-07-24,2469.90991211
2017-07-25,2477.12988281
2017-07-26,2477.83007812
2017-07-27,2475.41992188
2017-07-28,2472.10009766
2017-07-31,2470.30004883
2017-08-01,2476.35009766
2017-08-02,2477.57006836
2017-08-03,2472.15991211
2017-08-04,2476.83007812
2017-08-07,2480.90991211
2017-08-08,2474.91992188
2017-08-09,2474.02001953
2017-08-10,2438.20996094
2017-08-11,2441.32006836
2017-08-14,2465.84008789
2017-08-15,2464.61010742
2017-08-16,2468.11010742
2017-08-17,2430.01000977
2017-08-18,2425.55004883
2017-08-21,2428.37011719
2017-08-22,2452.51000977
2017-08-23,2444.04003906
2017-08-24,2438.96997070
2017-08-25,2443.05004883
2017-08-28,2444.23999023
2017-08-29,2446.30004883
2017-08-30,2457.59008789
2017-08-31,2471.64990234
2017-09-01,2476.55004883
2017-09-05,2457.85009766
2017-09-06,2465.54003906
2017-09-07,2465.10009766
2017-09-08,2461.42993164
2017-09-11,2488.11010742
2017-09-12,2496.47998047
2017-09-13,2498.37011719
2017-09-14,2495.62011719
2017-09-15,2500.22998047
2017-09-18,2503.87011719
2017-09-19,2506.64990234
2017-09-20,2508.23999023
2017-09-21,2500.60009766
2017-09-22,2502.21997070
2017-09-25,2496.65991211
2017-09-26,2496.84008789
2017-09-27,2507.04003906
2017-09-28,2510.06005859
2017-09-29,2519.36010742
2017-10-02,2529.12011719
2017-10-03,2534.58007812
2017-10-04,2537.73999023
2017-10-05,2552.07006836
2017-10-06,2549.33007812
2017-10-09,2544.72998047
2017-10-10,2550.63989258
2017-10-11,2555.23999023
2017-10-12,2550.92993164
2017-10-13,2553.16992188
2017-10-16,2557.63989258
2017-10-17,2559.36010742
2017-10-18,2561.26000977
2017-10-19,2562.10009766
2017-10-20,2575.20996094
2017-10-23,2564.97998047
2017-10-24,2569.12988281
2017-10-25,2557.14990234
2017-10-26,2560.39990234
2017-10-27,2581.07006836
2017-10-30,2572.83007812
2017-10-31,2575.26000977
2017-11-01,2579.36010742
2017-11-02,2579.85009766
2017-11-03,2587.84008789
2017-11-06,2591.12988281
2017-11-07,2590.63989258
2017-11-08,2594.37988281
2017-11-09,2584.62011719
2017-11-10,2582.30004883
2017-11-13,2584.84008789
2017-11-14,2578.87011719
2017-11-15,2564.62011719
2017-11-16,2585.63989258
2017-11-17,2578.85009766
2017-11-20,2582.13989258
2017-11-21,2599.03002930
2017-11-22,2597.08007812
2017-11-24,2602.41992188
2017-11-27,2601.41992188
2017-11-28,2627.04003906
2017-11-29,2626.07006836
2017-11-30,2647.58007812
2017-12-01,2642.21997070
2017-12-04,2639.43994141
2017-12-05,2629.57006836
2017-12-06,2629.27001953
2017-12-07,2636.97998047
2017-12-08,2651.50000000
2017-12-11,2659.98999023
2017-12-12,2664.11010742
2017-12-13,2662.85009766
2017-12-14,2652.01000977
2017-12-15,2675.81005859
2017-12-18,2690.15991211
2017-12-19,2681.46997070
2017-12-20,2679.25000000
2017-12-21,2684.57006836
2017-12-22,2683.34008789
2017-12-26,2680.50000000
2017-12-27,2682.62011719
2017-12-28,2687.54003906
2017-12-29,2673.61010742
2018-01-02,2695.81005859
2018-01-03,2713.06005859
2018-01-04,2723.98999023
2018-01-05,2743.14990234
2018-01-08,2747.70996094
2018-01-09,2751.29003906
2018-01-10,2748.22998047
2018-01-11,2767.56005859
2018-01-12,2786.23999023
2018-01-16,2776.41992188
2018-01-17,2802.56005859
2018-01-18,2798.03002930
2018-01-19,2810.30004883
2018-01-22,2832.96997070
2018-01-23,2839.12988281
2018-01-24,2837.54003906
2018-01-25,2839.25000000
2018-01-26,2872.87011719
2018-01-29,2853.53002930
2018-01-30,2822.42993164
2018-01-31,2823.81005859
2018-02-01,2821.97998047
2018-02-02,2762.12988281
2018-02-05,2648.93994141
2018-02-06,2695.13989258
2018-02-07,2681.65991211
2018-02-08,2581.00000000
2018-02-09,2619.55004883
2018-02-12,2656.00000000
2018-02-13,2662.93994141
2018-02-14,2698.62988281
2018-02-15,2731.19995117
2018-02-16,2732.21997070
2018-02-20,2716.26000977
2018-02-21,2701.33007812
2018-02-22,2703.95996094
2018-02-23,2747.30004883
2018-02-26,2779.60009766
2018-02-27,2744.28002930
2018-02-28,2713.83007812
2018-03-01,2677.66992188
2018-03-02,2691.25000000
2018-03-05,2720.93994141
2018-03-06,2728.12011719
2018-03-07,2726.80004883
2018-03-08,2738.96997070
2018-03-09,2786.57006836
2018-03-12,2783.02001953
2018-03-13,2765.31005859
2018-03-14,2749.47998047
2018-03-15,2747.33007812
2018-03-16,2752.01000977
2018-03-19,2712.91992188
2018-03-20,2716.93994141
2018-03-21,2711.92993164
2018-03-22,2643.68994141
2018-03-23,2588.26000977
2018-03-26,2658.55004883
2018-03-27,2612.62011719
2018-03-28,2605.00000000
2018-03-29,2640.87011719
2018-04-02,2581.87988281
2018-04-03,2614.44995117
2018-04-04,2644.68994141
2018-04-05,2662.84008789
2018-04-06,2604.46997070
2018-04-09,2613.15991211
2018-04-10,2656.87011719
2018-04-11,2642.18994141
2018-04-12,2663.98999023
2018-04-13,2656.30004883
2018-04-16,2677.84008789
2018-04-17,2706.38989258
2018-04-18,2708.63989258
2018-04-19,2693.12988281
2018-04-20,2670.13989258
2018-04-23,2670.29003906
2018-04-24,2634.56005859
2018-04-25,2639.39990234
2018-04-26,2666.93994141
2018-04-27,2669.90991211
2018-04-30,2648.05004883
2018-05-01,2654.80004883
2018-05-02,2635.66992188
2018-05-03,2629.72998047
2018-05-04,2663.41992188
2018-05-07,2672.62988281
2018-05-08,2671.91992188
2018-05-09,2697.79003906
2018-05-10,2723.07006836
2018-05-11,2727.71997070
2018-05-14,2730.12988281
2018-05-15,2711.44995117
2018-05-16,2722.45996094
2018-05-17,2720.12988281
2018-05-18,2712.96997070
2018-05-21,2733.01000977
2018-05-22,2724.43994141
2018-05-23,2733.29003906
2018-05-24,2727.76000977
2018-05-25,2721.33007812
2018-05-29,2689.86010742
2018-05-30,2724.01000977
2018-05-31,2705.27001953
2018-06-01,2734.62011719
2018-06-04,2746.87011719
2018-06-05,2748.80004883
2018-06-06,2772.35009766
2018-06-07,2770.37011719
2018-06-08,2779.03002930
2018-06-11,2782.00000000
2018-06-12,2786.85009766
2018-06-13,2775.62988281
2018-06-14,2782.48999023
2018-06-15,2779.65991211
2018-06-18,2773.75000000
2018-06-19,2762.59008789
2018-06-20,2767.32006836
2018-06-21,2749.76000977
2018-06-22,2754.87988281
2018-06-25,2717.07006836
2018-06-26,2723.06005859
2018-06-27,2699.62988281
2018-06-28,2716.31005859
2018-06-29,2718.37011719
2018-07-02,2726.70996094
2018-07-03,2713.21997070
2018-07-05,2736.61010742
2018-07-06,2759.82006836
2018-07-09,2784.16992188
2018-07-10,2793.84008789
2018-07-11,2774.02001953
2018-07-12,2798.29003906
2018-07-13,2801.31005859
2018-07-16,2798.42993164
2018-07-17,2809.55004883
2018-07-18,2815.62011719
2018-07-19,2804.48999023
2018-07-20,2801.83007812
2018-07-23,2806.97998047
2018-07-24,2820.39990234
2018-07-25,2846.07006836
2018-07-26,2837.43994141
2018-07-27,2818.82006836
2018-07-30,2802.60009766
2018-07-31,2816.29003906
2018-08-01,2813.36010742
2018-08-02,2827.21997070
2018-08-03,2840.35009766
2018-08-06,2850.39990234
2018-08-07,2858.44995117
2018-08-08,2857.69995117
2018-08-09,2853.58007812
2018-08-10,2833.28002930
2018-08-13,2821.92993164
2018-08-14,2839.95996094
2018-08-15,2818.37011719
2018-08-16,2840.68994141
2018-08-17,2850.12988281
2018-08-20,2857.05004883
2018-08-21,2862.95996094
2018-08-22,2861.82006836
2018-08-23,2856.97998047
2018-08-24,2874.68994141
2018-08-27,2896.73999023
2018-08-28,2897.52001953
2018-08-29,2914.04003906
2018-08-30,2901.12988281
2018-08-31,2901.52001953
2018-09-04,2896.71997070
2018-09-05,2888.60009766
2018-09-06,2878.05004883
2018-09-07,2871.67993164
2018-09-10,2877.12988281
2018-09-11,2887.88989258
2018-09-12,2888.91992188
2018-09-13,2904.17993164
2018-09-14,2904.97998047
2018-09-17,2888.80004883
2018-09-18,2904.31005859
2018-09-19,2907.94995117
2018-09-20,2930.75000000
2018-09-21,2929.66992188
2018-09-24,2919.37011719
2018-09-25,2915.56005859
2018-09-26,2905.96997070
2018-09-27,2914.00000000
2018-09-28,2913.97998047
2018-10-01,2924.59008789
2018-10-02,2923.42993164
2018-10-03,2925.51000977
2018-10-04,2901.61010742
2018-10-05,2885.57006836
2018-10-08,2884.42993164
2018-10-09,2880.34008789
2018-10-10,2785.67993164
2018-10-11,2728.37011719
2018-10-12,2767.12988281
2018-10-15,2750.79003906
2018-10-16,2809.91992188
2018-10-17,2809.20996094
2018-10-18,2768.78002930
2018-10-19,2767.78002930
2018-10-22,2755.87988281
2018-10-23,2740.68994141
2018-10-24,2656.10009766
2018-10-25,2705.57006836
2018-10-26,2658.68994141
2018-10-29,2641.25000000
2018-10-30,2682.62988281
2018-10-31,2711.73999023
2018-11-01,2740.37011719
2018-11-02,2723.06005859
2018-11-05,2738.31005859
2018-11-06,2755.44995117
2018-11-07,2813.88989258
2018-11-08,2806.83007812
2018-11-09,2781.01000977
2018-11-12,2726.21997070
2018-11-13,2722.17993164
2018-11-14,2701.58007812
2018-11-15,2730.19995117
2018-11-16,2736.27001953
